<!DOCTYPE hibernate-configuration PUBLIC
        "-//Hibernate/Hibernate Configuration DTD 3.0//EN"
        "http://www.hibernate.org/dtd/hibernate-configuration-3.0.dtd">
<hibernate-configuration>
    <session-factory>

        <property name="connection.driver_class">com.mysql.cj.jdbc.Driver</property>
        <property name="connection.url">jdbc:mysql://localhost:3306/elms?useSSL=false</property>
        <property name="connection.username">java</property>
        <property name="connection.password">java</property>
        <property name="connection.pool_size">100</property>
        <property name="dialect">org.hibernate.dialect.MySQL5Dialect</property>
        <property name="show_sql">true</property>
        <property name="current_session_context_class">thread</property>
        <property name="hbm2ddl.auto">update</property>

        <mapping class="com.datin.elms.model.Employee"/>
        <mapping class="com.datin.elms.model.Category"/>
        <mapping class="com.datin.elms.model.CategoryElement"/>
        <mapping class="com.datin.elms.model.Email"/>
        <mapping class="com.datin.elms.model.LeaveRequest"/>
        <mapping class="com.datin.elms.model.Attachment"/>

    </session-factory>
</hibernate-configuration>